model,electric_range
KONA,258.0
ROADSTER,237.1875
MACAN,190.69565217391303
I-PACE,176.52631578947367
MODEL S,168.6233045622688
BOLT EV,155.60223307745989
E-TRON,140.60377358490567
MODEL X,117.59607843137255
E-GOLF,109.36363636363636
RAV4,102.57894736842105
